{
  "properties": {
    "connectionReferences": {
      "shared_webcontents_1": {
        "runtimeSource": "invoker",
        "connection": {
          "connectionReferenceLogicalName": "ya_sharedwebcontents_a12f5"
        },
        "api": {
          "name": "shared_webcontents"
        }
      }
    },
    "definition": {
      "$schema": "https://schema.management.azure.com/providers/Microsoft.Logic/schemas/2016-06-01/workflowdefinition.json#",
      "contentVersion": "1.0.0.0",
      "parameters": {
        "$connections": {
          "defaultValue": {},
          "type": "Object"
        },
        "$authentication": {
          "defaultValue": {},
          "type": "SecureObject"
        }
      },
      "triggers": {
        "manual": {
          "metadata": {
            "operationMetadataId": "e4ce354d-5c6d-4af4-b56e-08236f8ffef0"
          },
          "type": "Request",
          "kind": "PowerAppV2",
          "inputs": {
            "schema": {
              "type": "object",
              "properties": {
                "text": {
                  "title": "LogicalName",
                  "type": "string",
                  "x-ms-dynamically-added": true,
                  "description": "LogicalNameを指定してください",
                  "x-ms-content-hint": "TEXT"
                }
              },
              "required": [
                "text"
              ]
            }
          }
        }
      },
      "actions": {
        "HTTP_要求を呼び出します": {
          "runAfter": {},
          "metadata": {
            "operationMetadataId": "ec5b73f8-631c-45b8-bbe7-ba4fd2a49805"
          },
          "type": "OpenApiConnection",
          "inputs": {
            "host": {
              "connectionName": "shared_webcontents_1",
              "operationId": "InvokeHttp",
              "apiId": "/providers/Microsoft.PowerApps/apis/shared_webcontents"
            },
            "parameters": {
              "request/method": "GET",
              "request/url": "/api/data/v9.2/EntityDefinitions(LogicalName='@{triggerBody()['text']}')/Attributes",
              "request/headers": {
                "Accept": "application/json"
              }
            },
            "authentication": "@parameters('$authentication')"
          },
          "description": "Base Resource URL / Azure AD Resource URI (Application ID URI): https://your.crm7.dynamics.com/"
        },
        "PowerApp_または_Flow_に応答する": {
          "runAfter": {
            "HTTP_要求を呼び出します": [
              "Succeeded"
            ]
          },
          "metadata": {
            "operationMetadataId": "21aeaafd-a427-4eef-82e6-dba7094cd348"
          },
          "type": "Response",
          "kind": "PowerApp",
          "inputs": {
            "statusCode": 200,
            "body": {
              "tables": "@{body('HTTP_要求を呼び出します')}"
            },
            "schema": {
              "type": "object",
              "properties": {
                "tables": {
                  "title": "Tables",
                  "x-ms-dynamically-added": true,
                  "type": "string"
                }
              }
            }
          }
        }
      }
    },
    "templateName": ""
  },
  "schemaVersion": "1.0.0.0"
}