<ImportExportXml xmlns:xsi="http://www.w3.org/2001/XMLSchema-instance">
  <Entities></Entities>
  <Roles></Roles>
  <Workflows>
    <Workflow WorkflowId="{fa6d5f4d-2a28-ee11-9965-6045bd6243fd}" Name="GetTables">
      <JsonFileName>/Workflows/GetTables-FA6D5F4D-2A28-EE11-9965-6045BD6243FD.json</JsonFileName>
      <Type>1</Type>
      <Subprocess>0</Subprocess>
      <Category>5</Category>
      <Mode>0</Mode>
      <Scope>4</Scope>
      <OnDemand>0</OnDemand>
      <TriggerOnCreate>0</TriggerOnCreate>
      <TriggerOnDelete>0</TriggerOnDelete>
      <AsyncAutodelete>0</AsyncAutodelete>
      <SyncWorkflowLogOnFailure>0</SyncWorkflowLogOnFailure>
      <StateCode>1</StateCode>
      <StatusCode>2</StatusCode>
      <RunAs>1</RunAs>
      <IsTransacted>1</IsTransacted>
      <IntroducedVersion>1.0.0.0</IntroducedVersion>
      <IsCustomizable>1</IsCustomizable>
      <BusinessProcessType>0</BusinessProcessType>
      <IsCustomProcessingStepAllowedForOtherPublishers>1</IsCustomProcessingStepAllowedForOtherPublishers>
      <PrimaryEntity>none</PrimaryEntity>
      <LocalizedNames>
        <LocalizedName languagecode="1041" description="GetTables" />
      </LocalizedNames>
    </Workflow>
    <Workflow WorkflowId="{c9a51aff-2e28-ee11-9965-6045bd6243fd}" Name="GetAttributes">
      <JsonFileName>/Workflows/GetAttributes-C9A51AFF-2E28-EE11-9965-6045BD6243FD.json</JsonFileName>
      <Type>1</Type>
      <Subprocess>0</Subprocess>
      <Category>5</Category>
      <Mode>0</Mode>
      <Scope>4</Scope>
      <OnDemand>0</OnDemand>
      <TriggerOnCreate>0</TriggerOnCreate>
      <TriggerOnDelete>0</TriggerOnDelete>
      <AsyncAutodelete>0</AsyncAutodelete>
      <SyncWorkflowLogOnFailure>0</SyncWorkflowLogOnFailure>
      <StateCode>1</StateCode>
      <StatusCode>2</StatusCode>
      <RunAs>1</RunAs>
      <IsTransacted>1</IsTransacted>
      <IntroducedVersion>1.0.0.0</IntroducedVersion>
      <IsCustomizable>1</IsCustomizable>
      <BusinessProcessType>0</BusinessProcessType>
      <IsCustomProcessingStepAllowedForOtherPublishers>1</IsCustomProcessingStepAllowedForOtherPublishers>
      <PrimaryEntity>none</PrimaryEntity>
      <LocalizedNames>
        <LocalizedName languagecode="1041" description="GetAttributes" />
      </LocalizedNames>
    </Workflow>
    <Workflow WorkflowId="{64033248-5228-ee11-9965-6045bd6243fd}" Name="GetOneToManyRelationships">
      <JsonFileName>/Workflows/GetOneToManyRelationships-64033248-5228-EE11-9965-6045BD6243FD.json</JsonFileName>
      <Type>1</Type>
      <Subprocess>0</Subprocess>
      <Category>5</Category>
      <Mode>0</Mode>
      <Scope>4</Scope>
      <OnDemand>0</OnDemand>
      <TriggerOnCreate>0</TriggerOnCreate>
      <TriggerOnDelete>0</TriggerOnDelete>
      <AsyncAutodelete>0</AsyncAutodelete>
      <SyncWorkflowLogOnFailure>0</SyncWorkflowLogOnFailure>
      <StateCode>1</StateCode>
      <StatusCode>2</StatusCode>
      <RunAs>1</RunAs>
      <IsTransacted>1</IsTransacted>
      <IntroducedVersion>1.0.0.0</IntroducedVersion>
      <IsCustomizable>1</IsCustomizable>
      <BusinessProcessType>0</BusinessProcessType>
      <IsCustomProcessingStepAllowedForOtherPublishers>1</IsCustomProcessingStepAllowedForOtherPublishers>
      <PrimaryEntity>none</PrimaryEntity>
      <LocalizedNames>
        <LocalizedName languagecode="1041" description="GetOneToManyRelationships" />
      </LocalizedNames>
    </Workflow>
    <Workflow WorkflowId="{178d1ba9-5428-ee11-9965-6045bd6243fd}" Name="GetManyToOneRelationships">
      <JsonFileName>/Workflows/GetManyToOneRelationships-178D1BA9-5428-EE11-9965-6045BD6243FD.json</JsonFileName>
      <Type>1</Type>
      <Subprocess>0</Subprocess>
      <Category>5</Category>
      <Mode>0</Mode>
      <Scope>4</Scope>
      <OnDemand>0</OnDemand>
      <TriggerOnCreate>0</TriggerOnCreate>
      <TriggerOnDelete>0</TriggerOnDelete>
      <AsyncAutodelete>0</AsyncAutodelete>
      <SyncWorkflowLogOnFailure>0</SyncWorkflowLogOnFailure>
      <StateCode>1</StateCode>
      <StatusCode>2</StatusCode>
      <RunAs>1</RunAs>
      <IsTransacted>1</IsTransacted>
      <IntroducedVersion>1.0.0.0</IntroducedVersion>
      <IsCustomizable>1</IsCustomizable>
      <BusinessProcessType>0</BusinessProcessType>
      <IsCustomProcessingStepAllowedForOtherPublishers>1</IsCustomProcessingStepAllowedForOtherPublishers>
      <PrimaryEntity>none</PrimaryEntity>
      <LocalizedNames>
        <LocalizedName languagecode="1041" description="GetManyToOneRelationships" />
      </LocalizedNames>
    </Workflow>
    <Workflow WorkflowId="{4877deda-5428-ee11-9965-6045bd6243fd}" Name="GetManyToManyRelationships">
      <JsonFileName>/Workflows/GetManyToManyRelationships-4877DEDA-5428-EE11-9965-6045BD6243FD.json</JsonFileName>
      <Type>1</Type>
      <Subprocess>0</Subprocess>
      <Category>5</Category>
      <Mode>0</Mode>
      <Scope>4</Scope>
      <OnDemand>0</OnDemand>
      <TriggerOnCreate>0</TriggerOnCreate>
      <TriggerOnDelete>0</TriggerOnDelete>
      <AsyncAutodelete>0</AsyncAutodelete>
      <SyncWorkflowLogOnFailure>0</SyncWorkflowLogOnFailure>
      <StateCode>1</StateCode>
      <StatusCode>2</StatusCode>
      <RunAs>1</RunAs>
      <IsTransacted>1</IsTransacted>
      <IntroducedVersion>1.0.0.0</IntroducedVersion>
      <IsCustomizable>1</IsCustomizable>
      <BusinessProcessType>0</BusinessProcessType>
      <IsCustomProcessingStepAllowedForOtherPublishers>1</IsCustomProcessingStepAllowedForOtherPublishers>
      <PrimaryEntity>none</PrimaryEntity>
      <LocalizedNames>
        <LocalizedName languagecode="1041" description="GetManyToManyRelationships" />
      </LocalizedNames>
    </Workflow>
  </Workflows>
  <FieldSecurityProfiles></FieldSecurityProfiles>
  <Templates />
  <EntityMaps />
  <EntityRelationships />
  <OrganizationSettings />
  <optionsets />
  <CustomControls />
  <EntityDataProviders />
  <CanvasApps>
    <CanvasApp>
      <Name>ya_erd_b3c25</Name>
      <AppVersion>2023-08-01T09:47:03Z</AppVersion>
      <Status>Ready</Status>
      <CreatedByClientVersion>3.23073.23.0</CreatedByClientVersion>
      <MinClientVersion>3.23073.23.0</MinClientVersion>
      <Tags>{"primaryDeviceWidth":"1366","primaryDeviceHeight":"768","supportsPortrait":"true","supportsLandscape":"true","primaryFormFactor":"Tablet","publisherVersion":"3.23073.23","minimumRequiredApiVersion":"2.2.0","hasComponent":"false","hasUnlockedComponent":"false","isUnifiedRootApp":"false","sienaVersion":"20230801T093020Z-3.23073.23.0"}</Tags>
      <IsCdsUpgraded>0</IsCdsUpgraded>
      <GalleryItemId xsi:nil="true"></GalleryItemId>
      <BackgroundColor>rgba(241, 244, 249, 1)</BackgroundColor>
      <DisplayName>ERD</DisplayName>
      <Description xsi:nil="true"></Description>
      <CommitMessage xsi:nil="true"></CommitMessage>
      <Publisher xsi:nil="true"></Publisher>
      <AuthorizationReferences>[]</AuthorizationReferences>
      <ConnectionReferences>{"24b23f07-1345-437b-8524-97895eb370a4":{"id":"/providers/microsoft.powerapps/apis/shared_logicflows","displayName":"ロジック フロー","iconUri":"https://connectoricons-prod.azureedge.net/releases/v1.0.1645/1.0.1645.3345/logicflows/icon.png","dataSources":["GetTables"],"dependencies":["eacd4df3-f874-4745-a459-abf02af37d3f"],"dependents":[],"parameterHints":{"workflowName":{"value":"b1ba9a3c-6670-465f-82e7-c6701d9faeac"},"workflowEntityId":{"value":"fa6d5f4d-2a28-ee11-9965-6045bd6243fd"},"eacd4df3-f874-4745-a459-abf02af37d3f":{"value":"shared_webcontents_1"}},"parameterHintsV2":{"workflowName":{"value":"b1ba9a3c-6670-465f-82e7-c6701d9faeac"},"workflowEntityId":{"value":"fa6d5f4d-2a28-ee11-9965-6045bd6243fd"},"shared_webcontents_1":{"value":"eacd4df3-f874-4745-a459-abf02af37d3f"}},"isOnPremiseConnection":false,"bypassConsent":false,"dataSets":{},"apiTier":"Standard","actions":["Run"],"isCustomApiSolutionAware":false},"eacd4df3-f874-4745-a459-abf02af37d3f":{"id":"/providers/microsoft.powerapps/apis/shared_webcontents","displayName":"Azure AD を使用した HTTP","iconUri":"https://connectoricons-prod.azureedge.net/releases/v1.0.1646/1.0.1646.3354/webcontents/icon.png","dataSources":[],"dependencies":[],"dependents":["24b23f07-1345-437b-8524-97895eb370a4","6c3579dd-df60-4397-9f7f-a756a85a99f4","7cb69be1-6077-45e6-acc7-4d89ad231fdc","45a7e318-b2cb-4b24-be5c-7730625b16ac","ea12e3bb-ca7e-494c-9a76-a85721da134c"],"parameterHints":{},"parameterHintsV2":{},"isOnPremiseConnection":false,"bypassConsent":false,"dataSets":{},"apiTier":"Premium","endpoints":["https://orgf815d036.crm7.dynamics.com/"],"isCustomApiSolutionAware":false},"6c3579dd-df60-4397-9f7f-a756a85a99f4":{"id":"/providers/microsoft.powerapps/apis/shared_logicflows","displayName":"ロジック フロー","iconUri":"https://connectoricons-prod.azureedge.net/releases/v1.0.1645/1.0.1645.3345/logicflows/icon.png","dataSources":["GetAttributes"],"dependencies":["eacd4df3-f874-4745-a459-abf02af37d3f"],"dependents":[],"parameterHints":{"workflowName":{"value":"2557b90f-2dfb-4442-8d60-3e5f7e4dcc83"},"workflowEntityId":{"value":"c9a51aff-2e28-ee11-9965-6045bd6243fd"},"eacd4df3-f874-4745-a459-abf02af37d3f":{"value":"shared_webcontents_1"}},"parameterHintsV2":{"workflowName":{"value":"2557b90f-2dfb-4442-8d60-3e5f7e4dcc83"},"workflowEntityId":{"value":"c9a51aff-2e28-ee11-9965-6045bd6243fd"},"shared_webcontents_1":{"value":"eacd4df3-f874-4745-a459-abf02af37d3f"}},"isOnPremiseConnection":false,"bypassConsent":false,"dataSets":{},"apiTier":"Standard","actions":["Run"],"isCustomApiSolutionAware":false},"7cb69be1-6077-45e6-acc7-4d89ad231fdc":{"id":"/providers/microsoft.powerapps/apis/shared_logicflows","displayName":"ロジック フロー","iconUri":"https://connectoricons-prod.azureedge.net/releases/v1.0.1645/1.0.1645.3345/logicflows/icon.png","dataSources":["GetOneToManyRelationships"],"dependencies":["eacd4df3-f874-4745-a459-abf02af37d3f"],"dependents":[],"parameterHints":{"workflowName":{"value":"6046e2de-e03c-4e78-9645-c62d782e4073"},"workflowEntityId":{"value":"64033248-5228-ee11-9965-6045bd6243fd"},"eacd4df3-f874-4745-a459-abf02af37d3f":{"value":"shared_webcontents_1"}},"parameterHintsV2":{"workflowName":{"value":"6046e2de-e03c-4e78-9645-c62d782e4073"},"workflowEntityId":{"value":"64033248-5228-ee11-9965-6045bd6243fd"},"shared_webcontents_1":{"value":"eacd4df3-f874-4745-a459-abf02af37d3f"}},"isOnPremiseConnection":false,"bypassConsent":false,"dataSets":{},"apiTier":"Standard","actions":["Run"],"isCustomApiSolutionAware":false},"45a7e318-b2cb-4b24-be5c-7730625b16ac":{"id":"/providers/microsoft.powerapps/apis/shared_logicflows","displayName":"ロジック フロー","iconUri":"https://connectoricons-prod.azureedge.net/releases/v1.0.1645/1.0.1645.3345/logicflows/icon.png","dataSources":["GetManyToOneRelationships"],"dependencies":["eacd4df3-f874-4745-a459-abf02af37d3f"],"dependents":[],"parameterHints":{"workflowName":{"value":"c9aa10d9-a708-47ac-abd8-6dd53b9fe370"},"workflowEntityId":{"value":"178d1ba9-5428-ee11-9965-6045bd6243fd"},"eacd4df3-f874-4745-a459-abf02af37d3f":{"value":"shared_webcontents_1"}},"parameterHintsV2":{"workflowName":{"value":"c9aa10d9-a708-47ac-abd8-6dd53b9fe370"},"workflowEntityId":{"value":"178d1ba9-5428-ee11-9965-6045bd6243fd"},"shared_webcontents_1":{"value":"eacd4df3-f874-4745-a459-abf02af37d3f"}},"isOnPremiseConnection":false,"bypassConsent":false,"dataSets":{},"apiTier":"Standard","actions":["Run"],"isCustomApiSolutionAware":false},"ea12e3bb-ca7e-494c-9a76-a85721da134c":{"id":"/providers/microsoft.powerapps/apis/shared_logicflows","displayName":"ロジック フロー","iconUri":"https://connectoricons-prod.azureedge.net/releases/v1.0.1645/1.0.1645.3345/logicflows/icon.png","dataSources":["GetManyToManyRelationships"],"dependencies":["eacd4df3-f874-4745-a459-abf02af37d3f"],"dependents":[],"parameterHints":{"workflowName":{"value":"56488cf2-b119-4ad2-bf1e-f019fac012e3"},"workflowEntityId":{"value":"4877deda-5428-ee11-9965-6045bd6243fd"},"eacd4df3-f874-4745-a459-abf02af37d3f":{"value":"shared_webcontents_1"}},"parameterHintsV2":{"workflowName":{"value":"56488cf2-b119-4ad2-bf1e-f019fac012e3"},"workflowEntityId":{"value":"4877deda-5428-ee11-9965-6045bd6243fd"},"shared_webcontents_1":{"value":"eacd4df3-f874-4745-a459-abf02af37d3f"}},"isOnPremiseConnection":false,"bypassConsent":false,"dataSets":{},"apiTier":"Standard","actions":["Run"],"isCustomApiSolutionAware":false},"06f3fa17-b8fe-4a0c-8fc0-2b111a20fc4b":{"id":"/providers/microsoft.powerapps/apis/shared_hexconverter-5f66c252221ea8638e-5f65cd7146cf59a18b","displayName":"HexConverter","iconUri":"https://az787822.vo.msecnd.net/defaulticons/api-dedicated.png","dataSources":["HexConverter"],"dependencies":[],"dependents":[],"parameterHints":{},"parameterHintsV2":{},"isOnPremiseConnection":false,"bypassConsent":false,"dataSets":{},"apiTier":"Standard","actions":["ToHexString"],"customApiLogicalName":"ya_hexconverter","isCustomApiSolutionAware":true}}</ConnectionReferences>
      <DatabaseReferences>{}</DatabaseReferences>
      <AppComponents>[]</AppComponents>
      <AppComponentDependencies>[]</AppComponentDependencies>
      <CanConsumeAppPass>1</CanConsumeAppPass>
      <CanvasAppType>0</CanvasAppType>
      <BypassConsent>0</BypassConsent>
      <AdminControlBypassConsent>0</AdminControlBypassConsent>
      <EmbeddedApp xsi:nil="true"></EmbeddedApp>
      <IntroducedVersion>1.0</IntroducedVersion>
      <CdsDependencies>{"cdsdependencies":[{"logicalname":"ya_hexconverter","componenttype":372,"componenttypeplatformname":"connector"},{"dependencyid":"fa6d5f4d-2a28-ee11-9965-6045bd6243fd","componenttype":29,"componenttypeplatformname":"Workflow"},{"dependencyid":"c9a51aff-2e28-ee11-9965-6045bd6243fd","componenttype":29,"componenttypeplatformname":"Workflow"},{"dependencyid":"64033248-5228-ee11-9965-6045bd6243fd","componenttype":29,"componenttypeplatformname":"Workflow"},{"dependencyid":"178d1ba9-5428-ee11-9965-6045bd6243fd","componenttype":29,"componenttypeplatformname":"Workflow"},{"dependencyid":"4877deda-5428-ee11-9965-6045bd6243fd","componenttype":29,"componenttypeplatformname":"Workflow"}]}</CdsDependencies>
      <IsCustomizable>1</IsCustomizable>
      <BackgroundImageUri>/CanvasApps/ya_erd_b3c25_BackgroundImageUri</BackgroundImageUri>
      <DocumentUri>/CanvasApps/ya_erd_b3c25_DocumentUri.msapp</DocumentUri>
    </CanvasApp>
  </CanvasApps>
  <Connectors>
    <Connector>
      <connectorid>f5fc172b-2eb5-4d31-98ef-9a7f22b8c28a</connectorid>
      <description></description>
      <displayname>HexConverter</displayname>
      <iconbrandcolor>#007ee5</iconbrandcolor>
      <name>ya_hexconverter</name>
      <connectortype>1</connectortype>
      <scriptoperations>["ToHexString"]</scriptoperations>
      <openapidefinition>/Connector/ya_hexconverter_openapidefinition.json</openapidefinition>
      <connectionparameters>/Connector/ya_hexconverter_connectionparameters.json</connectionparameters>
      <policytemplateinstances>/Connector/ya_hexconverter_policytemplateinstances.json</policytemplateinstances>
      <customcodeblobcontent>/Connector/ya_hexconverter_customcodeblobcontent.csx</customcodeblobcontent>
      <iconblob>/Connector/ya_hexconverter_iconblob.Png</iconblob>
    </Connector>
  </Connectors>
  <connectionreferences>
    <connectionreference connectionreferencelogicalname="ya_sharedwebcontents_a12f5">
      <connectionreferencedisplayname>Azure AD を使用した HTTP GetDataverseTables-a12f5</connectionreferencedisplayname>
      <connectorid>/providers/Microsoft.PowerApps/apis/shared_webcontents</connectorid>
      <iscustomizable>1</iscustomizable>
      <statecode>0</statecode>
      <statuscode>1</statuscode>
    </connectionreference>
  </connectionreferences>
  <Languages>
    <Language>1041</Language>
  </Languages>
</ImportExportXml>